{
    "accuracy": 0.7928043687761003,
    "precision": 0.78314826910516,
    "recall": 0.792989417989418,
    "auc": 0.8705758884163007
}