{
    "accuracy": 0.7908433734939759,
    "precision": 0.7779904306220096,
    "recall": 0.8009852216748768,
    "auc": 0.8755218886513618
}